{
    "loss": 0.08650104701519012,
    "accuracy": 0.9871794581413269
}