{
    "loss": 1.6640084981918335,
    "accuracy": 0.43589743971824646
}