{
    "loss": 0.11838444322347641,
    "accuracy": 0.9615384340286255
}