{
    "loss": 0.19628390669822693,
    "accuracy": 0.9102563858032227
}